dataset,accuracy,precision,recall,f1_score,auc_roc,target_count
bace,0.735973597359736,0.678082191780822,0.75,0.7122302158273381,0.7521929824561404,1
bbbp,0.8546365914786967,0.9344827586206896,0.8741935483870967,0.9033333333333332,0.8996737948532078,1
clintox,0.9087837837837838,0.7260147601476015,0.4884312438464063,0.5124695863746959,0.7218329315307462,2
hiv,0.9589107707269632,0.4444444444444444,0.1345565749235474,0.2065727699530516,0.6989819483207916,1
sider,0.7254597254597255,0.6069397290513685,0.6232114769095722,0.6090082561280785,0.5970726147197417,27
tox21,0.924396536813752,0.46923794622651577,0.2208252025387221,0.29035667569658496,0.710497954732077,12
